interaction,Kendall,name,NMI,selected,shared interaction,shared name,Spearman,Weight
ICMT-DT,1.0,MCIDAS,1.0,False,ICMT-DT,MCIDAS,1.0,1.0
GAGE12H,1.0,DLX6-AS1,1.0,False,GAGE12H,DLX6-AS1,1.0,1.0
FRGCA,1.0,MCIDAS,1.0,False,FRGCA,MCIDAS,1.0,1.0
LINC01971,1.0,TMEM171,1.0,False,LINC01971,TMEM171,1.0,1.0
FOXD3-AS1,0.83094895,LOC107985492,1.0,False,FOXD3-AS1,LOC107985492,0.8438159,0.8915882706642151
LOC105372115,0.83094895,CSAG3,1.0,False,LOC105372115,CSAG3,0.8438159,0.8915882706642151
DACT2,0.76799405,STMN2,0.97727835,False,DACT2,STMN2,0.8997089,0.8816604614257812
BUB1,0.76666665,NUSAP1,0.9508197,False,BUB1,NUSAP1,0.92058825,0.8793582320213318
MELK,0.75,NUSAP1,0.984127,False,MELK,NUSAP1,0.90294117,0.8790227770805359
APOC4-APOC2,0.9178263,APOC2,0.7470848,False,APOC4-APOC2,APOC2,0.96732014,0.8774104118347168
ANLN,0.76666665,NUSAP1,0.9677419,False,ANLN,NUSAP1,0.89411765,0.8761754035949707
SKA1,0.78333336,PRC1-AS1,0.92403245,False,SKA1,PRC1-AS1,0.91764706,0.8750042915344238
LINC01016,0.78333336,LOC105375027,0.90827006,False,LINC01016,LOC105375027,0.9264706,0.8726913332939148
CEP55,0.73333335,NUSAP1,0.984127,False,CEP55,NUSAP1,0.89411765,0.8705260157585144
SLC26A9,0.797925,LOC105374986,1.0,False,SLC26A9,LOC105374986,0.81053984,0.8694882392883301
CDC20,0.75,SPAG5,0.9677419,False,CDC20,SPAG5,0.87941176,0.865717887878418
LUCAT1,0.9310345,LOC107985492,0.6706538,False,LUCAT1,LOC107985492,0.9911111,0.8642664551734924
CDK1,0.71666664,NUSAP1,0.984127,False,CDK1,NUSAP1,0.87941176,0.8600685000419617
UHRF1,0.71666664,NUSAP1,0.984127,False,UHRF1,NUSAP1,0.87352943,0.8581077456474304
HMMR,0.75,TTK,0.91525424,False,HMMR,TTK,0.90588236,0.8570454716682434
TOP2A,0.71666664,NUSAP1,0.984127,False,TOP2A,NUSAP1,0.86470586,0.855166494846344
ZWINT,0.75,TTK,0.91525424,False,ZWINT,TTK,0.89705884,0.8541043400764465
IQGAP3,0.73333335,ESPL1,0.984127,False,IQGAP3,ESPL1,0.84411764,0.8538593649864197
NUF2,0.68333334,NUSAP1,1.0,False,NUF2,NUSAP1,0.86764705,0.8503268361091614
KLK7,0.72803986,KLK5,0.9508197,False,KLK7,KLK5,0.8653424,0.8480672836303711
CKAP2L,0.73333335,CDCA2,0.9015527,False,CKAP2L,CDCA2,0.9,0.844961941242218
LOC107984763,0.765559,LPAR3,0.93286014,False,LOC107984763,LPAR3,0.82358265,0.8406672477722168
TOP2A,0.71666664,PRC1-AS1,0.91525424,False,TOP2A,PRC1-AS1,0.8882353,0.84005206823349
UHRF1,0.71666664,PRC1-AS1,0.91525424,False,UHRF1,PRC1-AS1,0.8882353,0.84005206823349
NCAPH,0.73333335,TTK,0.8965517,False,NCAPH,TTK,0.87941176,0.8364322781562805
SHCBP1,0.68333334,NUSAP1,0.984127,False,SHCBP1,NUSAP1,0.84117645,0.8362122178077698
CDCA5,0.71666664,PRC1-AS1,0.93333334,False,CDCA5,PRC1-AS1,0.85588235,0.8352940678596497
ANLN,0.7,TTK,0.91525424,False,ANLN,TTK,0.88529414,0.8335161209106445
ASPM,0.6666667,SPAG5,0.9677419,False,ASPM,SPAG5,0.86470586,0.8330381512641907
IGLV3-1,0.7544335,IGKJ5,0.89503926,False,IGLV3-1,IGKJ5,0.84448475,0.8313191533088684
PRR9,0.7676103,KRT71,0.8806598,False,PRR9,KRT71,0.83906454,0.8291115760803223
KIF23,0.65,ARHGAP11A,0.9677419,False,KIF23,ARHGAP11A,0.85588235,0.8245413899421692
SKA1,0.65,NUSAP1,0.9614192,False,SKA1,NUSAP1,0.85588235,0.8224338889122009
TOP2A,0.68333334,KNL1,0.91525424,False,TOP2A,KNL1,0.86470586,0.8210977911949158
TENM2,0.6945667,IRF6,0.90827006,False,TENM2,IRF6,0.85798407,0.8202736377716064
CEP55,0.6666667,TTK,0.93333334,False,CEP55,TTK,0.85588235,0.8186274170875549
MKI67,0.65,SPAG5,1.0,False,MKI67,SPAG5,0.80588233,0.8186274170875549
NCAPH,0.6666667,NUSAP1,0.9508197,False,NCAPH,NUSAP1,0.8382353,0.8185738921165466
UHRF1,0.68333334,TTK,0.93333334,False,UHRF1,TTK,0.8382353,0.8183006644248962
THBS4-AS1,0.6333333,COL8A1,0.984127,False,THBS4-AS1,COL8A1,0.8352941,0.8175848126411438
SHCBP1,0.68333334,KNL1,0.91525424,False,SHCBP1,KNL1,0.85294116,0.8171761631965637
AURKB,0.65,SPAG5,0.984127,False,AURKB,SPAG5,0.8088235,0.8143168091773987
NCAPG,0.68333334,KNL1,0.93333334,False,NCAPG,KNL1,0.82058823,0.8124182820320129
SPC25,0.6333333,SPAG5,0.9677419,False,SPC25,SPAG5,0.8352941,0.8121231198310852
CEP55,0.6666667,KNL1,0.91525424,False,CEP55,KNL1,0.85294116,0.8116207122802734
PCLAF,0.6666667,KNL1,0.9491525,False,PCLAF,KNL1,0.81764704,0.811155378818512
NEK2,0.7,TTK,0.877193,False,NEK2,TTK,0.85588235,0.8110251426696777
LMNB1,0.6333333,NUSAP1,0.984127,False,LMNB1,NUSAP1,0.8117647,0.8097416758537292
LUARIS,0.6851852,LOC105373150,1.0,False,LUARIS,LOC105373150,0.7423858,0.8091903328895569
PCLAF,0.65,E2F2,0.93333334,False,PCLAF,E2F2,0.84411764,0.8091502785682678
NUF2,0.65,KNL1,0.93333334,False,NUF2,KNL1,0.84117645,0.8081699013710022
MYBL2,0.65,SPAG5,0.9677419,False,MYBL2,SPAG5,0.8029412,0.8068943023681641
CEP55,0.6666667,PRC1-AS1,0.91525424,False,CEP55,PRC1-AS1,0.8352941,0.8057382702827454
SKA3,0.68333334,TTK,0.88932383,False,SKA3,TTK,0.84411764,0.8055915832519531
KIFC1,0.65,ESPL1,0.9508197,False,KIFC1,ESPL1,0.8147059,0.8051751255989075
PBK,0.6666667,PRC1-AS1,0.93333334,False,PBK,PRC1-AS1,0.8147059,0.8049020171165466
HMMR,0.6166667,NUSAP1,0.9677419,False,HMMR,NUSAP1,0.82941175,0.8046067357063293
NCAPG,0.6166667,NUSAP1,1.0,False,NCAPG,NUSAP1,0.7970588,0.8045751452445984
PRR11,0.6166667,SPAG5,1.0,False,PRR11,SPAG5,0.7941176,0.8035947680473328
UBE2C,0.65,PRC1-AS1,0.93333334,False,UBE2C,PRC1-AS1,0.8264706,0.8032679557800293
SKA1,0.65,SPAG5,0.9614192,False,SKA1,SPAG5,0.7970588,0.8028259873390198
CDCA5,0.6166667,SPAG5,1.0,False,CDCA5,SPAG5,0.7911765,0.8026143908500671
LOC107985017,0.6666667,ESPL1,0.89285713,False,LOC107985017,ESPL1,0.84117645,0.8002334237098694
HJURP,0.6666667,KNL1,0.91525424,False,HJURP,KNL1,0.81764704,0.7998559474945068
PTTG1,0.6166667,SPAG5,0.984127,False,PTTG1,SPAG5,0.7970588,0.7992841601371765
RRM2,0.6166667,NUSAP1,0.984127,False,RRM2,NUSAP1,0.7941176,0.7983037829399109
SKA3,0.68333334,PRC1-AS1,0.86970836,False,SKA3,PRC1-AS1,0.8382353,0.7970923781394958
CDC20,0.65,PRC1-AS1,0.8965517,False,CDC20,PRC1-AS1,0.84117645,0.7959094047546387
KIF4A,0.6666667,PRC1-AS1,0.88534427,False,KIF4A,PRC1-AS1,0.8352941,0.7957684397697449
CDK1,0.6166667,KNL1,0.9491525,False,CDK1,KNL1,0.81764704,0.7944887280464172
LOC105375690,0.83094895,LOC107985492,0.70732546,False,LOC105375690,LOC107985492,0.8438159,0.7940301299095154
JCHAIN,0.6166667,RUNX3,0.9265807,False,JCHAIN,RUNX3,0.8382353,0.7938275933265686
CMTM5,0.6166667,IRS4,0.984127,False,CMTM5,IRS4,0.7764706,0.7924214005470276
LINC01943,0.65,IRX3,0.877193,False,LINC01943,IRX3,0.85,0.792397677898407
SHCBP1,0.65,PRC1-AS1,0.91525424,False,SHCBP1,PRC1-AS1,0.8117647,0.7923396229743958
SMOC2,0.6160831,STMN2,0.9614192,False,SMOC2,STMN2,0.7994135,0.7923052310943604
KNL1,0.6333333,NUSAP1,0.93333334,False,KNL1,NUSAP1,0.8088235,0.7918300628662109
TRAT1,0.7220712,SLC27A2,0.83993757,False,TRAT1,SLC27A2,0.8107929,0.7909339070320129
HJURP,0.6,NUSAP1,0.984127,False,HJURP,NUSAP1,0.7882353,0.790787398815155
SPC25,0.6666667,PRC1-AS1,0.8965517,False,SPC25,PRC1-AS1,0.8088235,0.7906806468963623
MELK,0.65,PRC1-AS1,0.91525424,False,MELK,PRC1-AS1,0.80588233,0.7903788685798645
IQGAP3,0.5833333,NUSAP1,1.0,False,IQGAP3,NUSAP1,0.7852941,0.7895424365997314
SLAMF9,0.83992106,ILDR1,0.6706538,False,SLAMF9,ILDR1,0.85588473,0.7888198494911194
E2F7,0.6166667,NUSAP1,0.9677419,False,E2F7,NUSAP1,0.7794118,0.7879400849342346
LOC100288637,0.65,TTK,0.91525424,False,LOC100288637,TTK,0.7970588,0.7874376773834229
IQGAP3,0.6166667,PRC1-AS1,0.93333334,False,IQGAP3,PRC1-AS1,0.8117647,0.7872548699378967
BIRC5,0.6333333,PRC1-AS1,0.93333334,False,BIRC5,PRC1-AS1,0.7941176,0.786928117275238
CXCL9,0.610884,CXCL10,0.93333334,False,CXCL9,CXCL10,0.8153056,0.7865076065063477
RUNX3,0.6,TRAC,0.984127,False,RUNX3,TRAC,0.7705882,0.7849050164222717
KRT31,0.68657154,KRT71,0.8697488,False,KRT31,KRT71,0.794435,0.7835850715637207
BUB1,0.6333333,TTK,0.8965517,False,BUB1,TTK,0.82058823,0.7834911346435547
FAM72B,0.65,MAD2L1,0.85714287,False,FAM72B,MAD2L1,0.84117645,0.7827730774879456
MCM10,0.65,E2F2,0.88932383,False,MCM10,E2F2,0.8088235,0.7827157974243164
IGHG3,0.74315053,IGKJ5,0.74509805,False,IGHG3,IGKJ5,0.8596888,0.7826457619667053
PLK1,0.6,ESPL1,0.9677419,False,PLK1,ESPL1,0.7764706,0.7814041972160339
AURKB,0.6166667,PRC1-AS1,0.91525424,False,AURKB,PRC1-AS1,0.8117647,0.7812285423278809
SAPCD2,0.56666666,SPAG5,0.984127,False,SAPCD2,SPAG5,0.7911765,0.7806567549705505
SPC25,0.6333333,KNL1,0.8965517,False,SPC25,KNL1,0.8117647,0.780549943447113
CCNB2,0.6,SPAG5,0.9677419,False,CCNB2,SPAG5,0.7735294,0.7804238200187683
HJURP,0.6333333,PRC1-AS1,0.91525424,False,HJURP,PRC1-AS1,0.7911765,0.7799213528633118
PCLAF,0.56666666,NUSAP1,0.984127,False,PCLAF,NUSAP1,0.7882353,0.7796762585639954
AURKB,0.6,ESPL1,0.9677419,False,AURKB,ESPL1,0.7705882,0.7794433236122131
CCNB1,0.6,NUSAP1,1.0,False,CCNB1,NUSAP1,0.7382353,0.779411792755127
LOC101928202,0.6668859,KIF14,0.8404784,False,LOC101928202,KIF14,0.8281709,0.7785117030143738
RRM2,0.6166667,PRC1-AS1,0.91525424,False,RRM2,PRC1-AS1,0.8029412,0.778287410736084
CENPF,0.6333333,PRC1-AS1,0.88932383,False,CENPF,PRC1-AS1,0.8117647,0.7781406044960022
TROAP,0.6333333,E2F2,0.877193,False,TROAP,E2F2,0.8235294,0.7780185341835022
IQGAP3,0.5833333,SPAG5,1.0,False,IQGAP3,SPAG5,0.75,0.7777777314186096
DLGAP5,0.5833333,NUSAP1,0.984127,False,DLGAP5,NUSAP1,0.7647059,0.7773887515068054
MKI67,0.6,ESPL1,0.984127,False,MKI67,ESPL1,0.7470588,0.777061939239502
DLGAP5,0.6166667,PRC1-AS1,0.91525424,False,DLGAP5,PRC1-AS1,0.7970588,0.776326596736908
PBK,0.6,KNL1,0.93333334,False,PBK,KNL1,0.7941176,0.7758169770240784
TTK,0.6,NUSAP1,0.9508197,False,TTK,NUSAP1,0.7764706,0.7757634520530701
SKA1,0.6,ESPL1,0.9442873,False,SKA1,ESPL1,0.7823529,0.7755467295646667
PRC1,0.5833333,NUSAP1,0.984127,False,PRC1,NUSAP1,0.7588235,0.7754279971122742
SRL,0.6,IRX3,0.9508197,False,SRL,IRX3,0.7735294,0.7747829556465149
MELK,0.6166667,TTK,0.93333334,False,MELK,TTK,0.7705882,0.7735293507575989
CDC20,0.6,ESPL1,0.9508197,False,CDC20,ESPL1,0.7676471,0.7728222012519836
ACAN,0.6,AK5,0.9508197,False,ACAN,AK5,0.7676471,0.7728222012519836
HMMR,0.6166667,KNL1,0.8965517,False,HMMR,KNL1,0.8029412,0.7720532417297363
PRC1-AS1,0.6,NUSAP1,0.93333334,False,PRC1-AS1,NUSAP1,0.7823529,0.7718954086303711
BIRC5,0.6166667,CDCA2,0.88932383,False,BIRC5,CDCA2,0.8088235,0.7716047167778015
CMTM5,0.6440873,LOC107986990,0.8355739,False,CMTM5,LOC107986990,0.8329286,0.7708632946014404
ST14,0.6,ARHGAP11A,0.9677419,False,ST14,ARHGAP11A,0.7411765,0.7696394920349121
DLGAP5,0.5833333,SPAG5,0.984127,False,DLGAP5,SPAG5,0.7411765,0.7695455551147461
KIF11,0.6,NUSAP1,0.984127,False,KIF11,NUSAP1,0.7235294,0.7692187428474426
LRRC55,0.5833333,ASF1B,0.9677419,False,LRRC55,ASF1B,0.7558824,0.76898592710495
PBK,0.56666666,TTK,0.9508197,False,PBK,TTK,0.7852941,0.7675934433937073
CDK1,0.5833333,TTK,0.93333334,False,CDK1,TTK,0.7852941,0.7673202157020569
LOC107986951,0.62667954,SFRP1,0.86212337,False,LOC107986951,SFRP1,0.81203073,0.7669445872306824
UBE2C,0.55,SPAG5,1.0,False,UBE2C,SPAG5,0.75,0.7666666507720947
CCNB2,0.6,PRC1-AS1,0.8965517,False,CCNB2,PRC1-AS1,0.8029412,0.7664976119995117
CLDN1,0.56666666,LOC284240,0.9442873,False,CLDN1,LOC284240,0.7852941,0.7654159665107727
BIRC5,0.5833333,E2F2,0.9508197,False,BIRC5,E2F2,0.7617647,0.7653059363365173
FAM111B,0.5833333,NUSAP1,0.9508197,False,FAM111B,NUSAP1,0.7588235,0.7643254399299622
LOC101928658,0.6271412,STMN2,0.88932383,False,LOC101928658,STMN2,0.77638566,0.7642834782600403
CDK1,0.5833333,PRC1-AS1,0.91525424,False,CDK1,PRC1-AS1,0.7941176,0.7642350792884827
HMMR,0.6166667,PRC1-AS1,0.8965517,False,HMMR,PRC1-AS1,0.7794118,0.764210045337677
CDC25C,0.6166667,PRC1-AS1,0.84938765,False,CDC25C,PRC1-AS1,0.8264706,0.7641749382019043
RRM2,0.6166667,KNL1,0.91525424,False,RRM2,KNL1,0.7588235,0.7635814547538757
HJURP,0.56666666,SPAG5,0.984127,False,HJURP,SPAG5,0.7382353,0.7630096077919006
KIF4A,0.6333333,TTK,0.86970836,False,KIF4A,TTK,0.7852941,0.7627785801887512
OLR1,0.6160831,TRAC,0.877193,False,OLR1,TRAC,0.7935138,0.762263298034668
ASPM,0.6,KNL1,0.8965517,False,ASPM,KNL1,0.7852941,0.7606152892112732
KIF18B,0.56666666,NUSAP1,0.9677419,False,KIF18B,NUSAP1,0.7470588,0.7604891657829285
KIF18B,0.56666666,SPAG5,0.9677419,False,KIF18B,SPAG5,0.7441176,0.7595087885856628
SCN7A,0.55,COL8A1,0.984127,False,SCN7A,COL8A1,0.7441176,0.7594148516654968
SKA3,0.5833333,NUSAP1,0.9442873,False,SKA3,NUSAP1,0.75,0.7592068314552307
RRM2,0.6,CDCA2,0.86970836,False,RRM2,CDCA2,0.80588233,0.75853031873703
GBP5,0.56666666,CXCL10,0.9677419,False,GBP5,CXCL10,0.7411765,0.7585284113883972
PTTG1,0.5833333,PRC1-AS1,0.91525424,False,PTTG1,PRC1-AS1,0.7764706,0.7583527565002441
POLQ,0.5833333,NUSAP1,0.9265807,False,POLQ,NUSAP1,0.7647059,0.7582066655158997
BFSP2,0.71027654,LINC03016,0.73967147,False,BFSP2,LINC03016,0.8230725,0.7576735019683838
SRL,0.6497863,CPLX3,0.85714287,False,SRL,CPLX3,0.7659469,0.7576253414154053
PBK,0.53333336,NUSAP1,1.0,False,PBK,NUSAP1,0.7382353,0.7571895122528076
LOC105375610,0.6166667,ESPL1,0.85714287,False,LOC105375610,ESPL1,0.7970588,0.7569561004638672
RRM2,0.56666666,E2F2,0.93333334,False,RRM2,E2F2,0.7705882,0.7568626999855042
NCAPG,0.53333336,E2F2,0.9508197,False,NCAPG,E2F2,0.7852941,0.7564823627471924
PCLAF,0.6166667,CDCA2,0.86970836,False,PCLAF,CDCA2,0.7823529,0.7562426924705505
LOC107986606,0.7736421,LOC107985492,0.70732546,False,LOC107986606,LOC107985492,0.78756154,0.7561762928962708
NUF2,0.5833333,PRC1-AS1,0.93333334,False,NUF2,PRC1-AS1,0.75,0.7555555701255798
ULBP2,0.7273341,OLR1,0.67955893,False,ULBP2,OLR1,0.8588495,0.7552475333213806
NUF2,0.55,TTK,0.9508197,False,NUF2,TTK,0.7647059,0.7551751732826233
ESCO2,0.5833333,NUSAP1,0.90827006,False,ESCO2,NUSAP1,0.7735294,0.7550442814826965
TOP2A,0.5833333,TTK,0.93333334,False,TOP2A,TTK,0.7470588,0.7545751929283142
LOC107985017,0.65,PRC1-AS1,0.7924528,False,LOC107985017,PRC1-AS1,0.82058823,0.754347026348114
CCNB1,0.56666666,TTK,0.9508197,False,CCNB1,TTK,0.7441176,0.7538679242134094
MCM10,0.56666666,NUSAP1,0.9442873,False,MCM10,NUSAP1,0.75,0.7536513209342957
KIFC1,0.53333336,AGTR2,0.9677419,False,KIFC1,AGTR2,0.7588235,0.7532995343208313
COL11A1,0.53333336,COL8A1,0.9677419,False,COL11A1,COL8A1,0.7588235,0.7532995343208313
IQGAP3,0.55,TTK,0.9508197,False,IQGAP3,TTK,0.7588235,0.7532143592834473
GALNT9,0.56666666,IRF6,0.984127,False,GALNT9,IRF6,0.7088235,0.7532057166099548
LOC112268460,0.62667954,HAPLN1,0.81167454,False,LOC112268460,HAPLN1,0.820987,0.7531136870384216
KRT31,0.70618784,LINC02998,0.7239493,False,KRT31,LINC02998,0.82911277,0.7530832886695862
PCLAF,0.56666666,KIF14,0.93333334,False,PCLAF,KIF14,0.7588235,0.7529411315917969
ANLN,0.6,PRC1-AS1,0.8965517,False,ANLN,PRC1-AS1,0.7617647,0.7527721524238586
CLSPN,0.6,E2F2,0.86970836,False,CLSPN,E2F2,0.7882353,0.752647876739502
SHCBP1,0.55,SPAG5,0.984127,False,SHCBP1,SPAG5,0.7235294,0.7525520920753479
ASF1B,0.56666666,PRC1-AS1,0.8965517,False,ASF1B,PRC1-AS1,0.7941176,0.7524453997612
COL11A1,0.56544614,STMN2,0.9601251,False,COL11A1,STMN2,0.7315666,0.7523792386054993
ASF1B,0.56666666,NUSAP1,0.9677419,False,ASF1B,NUSAP1,0.7205882,0.7516655921936035
AURKA,0.56067437,MKX,0.9508197,False,AURKA,MKX,0.7402504,0.7505815029144287
SERPIND1,0.6161697,LOC105377043,0.8195688,False,SERPIND1,LOC105377043,0.8150606,0.7502663731575012
MAP3K9-DT,0.69631064,SRL,0.7660907,False,MAP3K9-DT,SRL,0.7881475,0.7501829266548157
BIRC5,0.56666666,KNL1,0.93333334,False,BIRC5,KNL1,0.75,0.75
CDC45,0.6,E2F2,0.8965517,False,CDC45,E2F2,0.7529412,0.749830961227417
KIF15,0.56666666,KNL1,0.91525424,False,KIF15,KNL1,0.7647059,0.748875617980957
TPX2,0.51666665,NUSAP1,1.0,False,TPX2,NUSAP1,0.7294118,0.7486928105354309
PDCD1,0.6581197,SIRPG,0.75594425,False,PDCD1,SIRPG,0.83136094,0.7484748959541321
KIF11,0.56666666,KNL1,0.91525424,False,KIF11,KNL1,0.7617647,0.7478952407836914
WDR62,0.56666666,CLGN,0.91525424,False,WDR62,CLGN,0.7617647,0.7478952407836914
PRLHR,0.55,IL21R,0.9508197,False,PRLHR,IL21R,0.7411765,0.7473320960998535
TCF21,0.55,IRX3,0.9508197,False,TCF21,IRX3,0.7411765,0.7473320960998535
SPC25,0.55,E2F2,0.91525424,False,SPC25,E2F2,0.7764706,0.7472416758537292
KLK6,0.55,IFI30,0.9677419,False,KLK6,IFI30,0.7235294,0.7470903992652893
IGHG3,0.56666666,JCHAIN,0.9442873,False,IGHG3,JCHAIN,0.7294118,0.7467885613441467
FOXM1,0.51666665,SPAG5,1.0,False,FOXM1,SPAG5,0.7235294,0.7467319965362549
KIFC1,0.56666666,PRC1-AS1,0.8965517,False,KIFC1,PRC1-AS1,0.7764706,0.7465630173683167
KIF18B,0.56666666,PRC1-AS1,0.8965517,False,KIF18B,PRC1-AS1,0.7764706,0.7465630173683167
TROAP,0.55,SPAG5,0.93333334,False,TROAP,SPAG5,0.7558824,0.746405303478241
MAP3K9-DT,0.67300904,SALL4,0.7365821,False,MAP3K9-DT,SALL4,0.8260727,0.7452213168144226
MKI67,0.56666666,E2F2,0.9508197,False,MKI67,E2F2,0.7176471,0.745044469833374
CCNB1,0.56666666,KIF14,0.9508197,False,CCNB1,KIF14,0.7176471,0.745044469833374
IFI30,0.53168815,STMN2,0.9614192,False,IFI30,STMN2,0.7404162,0.7445078492164612
PTTG1,0.53333336,ESPL1,0.9677419,False,PTTG1,ESPL1,0.7323529,0.7444760799407959
IRS4,0.53333336,PIMREG,0.984127,False,IRS4,PIMREG,0.7147059,0.744055449962616
COL11A1,0.56544614,LRRC15,0.90827006,False,COL11A1,LRRC15,0.7551655,0.7429606318473816
AK5,0.5485672,STMN2,0.9265807,False,AK5,STMN2,0.7522157,0.7424545288085938
SERPINA1,0.53333336,IL21R,0.9508197,False,SERPINA1,IL21R,0.7411765,0.7417764663696289
CKAP2L,0.55,NUSAP1,0.9508197,False,CKAP2L,NUSAP1,0.7235294,0.7414496541023254
AK5,0.55,MMP9,0.9508197,False,AK5,MMP9,0.7235294,0.7414496541023254
GTSE1,0.6333333,CDCA2,0.8201702,False,GTSE1,CDCA2,0.7705882,0.7413639426231384
SLC22A11,0.62667954,IRF6,0.8261519,False,SLC22A11,IRF6,0.77023506,0.7410221695899963
UBE2C,0.51666665,NUSAP1,1.0,False,UBE2C,NUSAP1,0.7058824,0.7408496737480164
NCAPG,0.55,TTK,0.9508197,False,NCAPG,TTK,0.7205882,0.7404692769050598
LINC01016,0.56666666,CLGN,0.93333334,False,LINC01016,CLGN,0.7205882,0.7401960492134094
IFI30,0.53333336,IL21R,0.9508197,False,IFI30,IL21R,0.7352941,0.7398157119750977
LAMB3,0.65140355,KRT71,0.76,False,LAMB3,KRT71,0.80749345,0.7396323084831238
DLGAP5,0.56666666,CDCA2,0.86970836,False,DLGAP5,CDCA2,0.7823529,0.7395760416984558
TUBA3E,0.599404,LOC105372863,0.8577642,False,TUBA3E,LOC105372863,0.7605336,0.7392339110374451
DRD2,0.53333336,E2F2,0.9508197,False,DRD2,E2F2,0.7323529,0.738835334777832
EXO1,0.6166667,CDCA2,0.8132861,False,EXO1,CDCA2,0.7852941,0.7384156584739685
ABCB5,0.59324163,SALL4,0.8113978,False,ABCB5,SALL4,0.8103341,0.7383244633674622
ASPM,0.56666666,PRC1-AS1,0.8965517,False,ASPM,PRC1-AS1,0.75,0.7377395033836365
TROAP,0.51666665,PRC1-AS1,0.9285714,False,TROAP,PRC1-AS1,0.7676471,0.7376284003257751
LOC107985017,0.6443571,EXOC3L4,0.7752495,False,LOC107985017,EXOC3L4,0.79323053,0.7376124262809753
IQGAP3,0.57741094,APOBEC3B-AS1,0.8965517,False,IQGAP3,APOBEC3B-AS1,0.7373071,0.7370899319648743
CENPA,0.56666666,CDKN3,0.8965517,False,CENPA,CDKN3,0.7470588,0.7367591261863708
UHRF1,0.55,KNL1,0.91525424,False,UHRF1,KNL1,0.7441176,0.736457347869873
NKX6-1,0.70014006,KLK5,0.6625794,False,NKX6-1,KLK5,0.84652853,0.7364160418510437
KRT8,0.6778302,MIR9898,0.70550925,False,KRT8,MIR9898,0.8256073,0.7363155484199524
CKAP2L,0.56666666,E2F2,0.8965517,False,CKAP2L,E2F2,0.7441176,0.7357786297798157
ARHGAP11A,0.55,TTK,0.93333334,False,ARHGAP11A,TTK,0.7235294,0.73562091588974
CCNO,0.60192925,TMPRSS3,0.8449518,False,CCNO,TMPRSS3,0.7571906,0.7346904873847961
CENPF,0.53333336,SPAG5,0.9614192,False,CENPF,SPAG5,0.7088235,0.7345253825187683
SOWAHB,0.7343537,SLC6A7,0.5965067,False,SOWAHB,SLC6A7,0.8718071,0.7342224717140198
CDCA5,0.53333336,E2F2,0.9508197,False,CDCA5,E2F2,0.7176471,0.7339333891868591
KIF2C,0.55,TTK,0.91525424,False,KIF2C,TTK,0.7352941,0.7335161566734314
CPLX3,0.5642881,COL8A1,0.85714287,False,CPLX3,COL8A1,0.77483606,0.7320890426635742
CDC45,0.6,CDCA2,0.8283228,False,CDC45,CDCA2,0.7676471,0.7319899201393127
RRM2,0.55,TTK,0.93333334,False,RRM2,TTK,0.7117647,0.7316992878913879
DIAPH3,0.56666666,NEK2,0.8965517,False,DIAPH3,NEK2,0.7294118,0.7308767437934875
CDC25C,0.55,SPAG5,0.9265807,False,CDC25C,SPAG5,0.7147059,0.7304288744926453
LOC112268460,0.53333336,ESPL1,0.9508197,False,LOC112268460,ESPL1,0.7058824,0.7300117611885071
SDS,0.57741094,IRX3,0.86212337,False,SDS,IRX3,0.7490804,0.7295382618904114
CENPA,0.56666666,NEK2,0.877193,False,CENPA,NEK2,0.7441176,0.7293257713317871
TOP2A,0.56666666,CDCA2,0.90503,False,TOP2A,CDCA2,0.7147059,0.7288008332252502
KIF4A,0.53333336,NUSAP1,0.9265807,False,KIF4A,NUSAP1,0.7264706,0.7287948727607727
SH2D4A,0.56666666,PCDH9,0.86970836,False,SH2D4A,PCDH9,0.75,0.7287917137145996
KIF18B,0.5833333,CDCA2,0.84938765,False,KIF18B,CDCA2,0.7529412,0.7285540103912354
GALNT9,0.5272013,KCNF1,0.9442873,False,GALNT9,KCNF1,0.7137603,0.7284162640571594
CDC20,0.56666666,E2F2,0.91525424,False,CDC20,E2F2,0.7029412,0.728287398815155
OLR1,0.599404,HAPLN1,0.8129119,False,OLR1,HAPLN1,0.77251047,0.7282754778862
POLQ,0.55,TTK,0.86970836,False,POLQ,TTK,0.7647059,0.7281381487846375
ESCO2,0.5833333,PRC1-AS1,0.8283228,False,ESCO2,PRC1-AS1,0.7676471,0.7264344096183777
DENND2B-AS1,0.5647825,KRT71,0.84182173,False,DENND2B-AS1,KRT71,0.77019316,0.7255991101264954
KNL1,0.56666666,PRC1-AS1,0.85714287,False,KNL1,PRC1-AS1,0.7529412,0.725583553314209
CENPF,0.56666666,MCM10,0.90119535,False,CENPF,MCM10,0.7088235,0.7255618572235107
KLK7,0.5,SMOC2,0.9677419,False,KLK7,SMOC2,0.7088235,0.7255218029022217
FAM30C,0.70891756,WNT7B,0.68000025,False,FAM30C,WNT7B,0.7868968,0.7252715229988098
DEPDC1,0.62667954,CYP2J2,0.74007845,False,DEPDC1,CYP2J2,0.8090453,0.7252677083015442
CDCA5,0.53333336,CDCA2,0.88932383,False,CDCA5,CDCA2,0.7529412,0.7251994609832764
PCLAF,0.53333336,PRC1-AS1,0.91525424,False,PCLAF,PRC1-AS1,0.7264706,0.7250194549560547
EXO1,0.56666666,KIF14,0.84938765,False,EXO1,KIF14,0.7588235,0.7249591946601868
SPC24,0.55,CDCA2,0.88932383,False,SPC24,CDCA2,0.7352941,0.7248726487159729
NEK2,0.56666666,PRC1-AS1,0.85714287,False,NEK2,PRC1-AS1,0.75,0.7246031761169434
SGO1,0.5,NUSAP1,0.9677419,False,SGO1,NUSAP1,0.7058824,0.724541425704956
LINC00221,0.5963554,CLDN1,0.8186271,False,LINC00221,CLDN1,0.7583684,0.7244502902030945
SLC12A5-AS1,0.6092718,LOC105377043,0.7511004,False,SLC12A5-AS1,LOC105377043,0.81203073,0.7241343855857849
GMNC,0.58232516,ADAMTS19,0.8404784,False,GMNC,ADAMTS19,0.7492658,0.724023163318634
SKA1,0.55,KNL1,0.88932383,False,SKA1,KNL1,0.7323529,0.7238922715187073
RUNX2,0.5,IRX3,0.93333334,False,RUNX2,IRX3,0.7382353,0.7238562107086182
DRD2,0.53333336,LOC105375027,0.90827006,False,DRD2,LOC105375027,0.7294118,0.7236717343330383
SGO1,0.56666666,BLM,0.88932383,False,SGO1,BLM,0.7147059,0.7235655188560486
SALL4,0.6498925,ANKRD18A,0.7258349,False,SALL4,ANKRD18A,0.7938407,0.7231893539428711
IGHG3,0.56544614,KLK3,0.8810246,False,IGHG3,KLK3,0.722717,0.7230625748634338
IGF2BP3,0.6166667,KIF14,0.8046503,False,IGF2BP3,KIF14,0.7470588,0.7227919101715088
ERCC6L,0.53333336,COL8A1,0.90827006,False,ERCC6L,COL8A1,0.7264706,0.7226913571357727
MKI67,0.51666665,PRC1-AS1,0.93333334,False,MKI67,PRC1-AS1,0.7176471,0.7225490212440491
CDCA8,0.5833333,PRC1,0.85714287,False,CDCA8,PRC1,0.7235294,0.7213351726531982
ESCO2,0.55,TTK,0.84938765,False,ESCO2,TTK,0.7617647,0.7203841209411621
NCAPG,0.51666665,PRC1-AS1,0.93333334,False,NCAPG,PRC1-AS1,0.7088235,0.7196078300476074
LINC00221,0.5963554,SFRP1,0.8186271,False,LINC00221,SFRP1,0.7430168,0.7193331122398376
CENPF,0.53333336,KNL1,0.88932383,False,CENPF,KNL1,0.7352941,0.7193171381950378
BUB1B,0.5642881,CPLX3,0.8363636,False,BUB1B,CPLX3,0.7570578,0.7192365527153015
CDKN2A,0.53333336,CLGN,0.91525424,False,CDKN2A,CLGN,0.7088235,0.7191370129585266
PRLHR,0.53333336,TMEM30B,0.9197421,False,PRLHR,TMEM30B,0.7029412,0.7186722159385681
CCNB1,0.51666665,CDCA2,0.88932383,False,CCNB1,CDCA2,0.75,0.7186635136604309
SMOC2,0.58138776,CPLX3,0.85714287,False,SMOC2,CPLX3,0.7140937,0.7175414562225342
THBS4-AS1,0.58138776,CPLX3,0.8363636,False,THBS4-AS1,CPLX3,0.73483497,0.717528760433197
SKA1,0.51666665,TTK,0.90827006,False,SKA1,TTK,0.7264706,0.7171357274055481
LINC02154,0.7112333,SLC6A7,0.65289396,False,LINC02154,SLC6A7,0.7868558,0.7169943451881409
CDCA8,0.6,PRC1-AS1,0.7924528,False,CDCA8,PRC1-AS1,0.7558824,0.7161117196083069
TOP2A,0.5,E2F2,0.93333334,False,TOP2A,E2F2,0.7147059,0.7160131335258484
FAM111B,0.5,ESPL1,0.93333334,False,FAM111B,ESPL1,0.7147059,0.7160131335258484
AIM2,0.5272013,CXCL9,0.91525424,False,AIM2,CXCL9,0.7049303,0.7157952785491943
EYA2-AS1,0.7443314,LINC01152,0.6068687,False,EYA2-AS1,LINC01152,0.79599154,0.7157304883003235
CRISP2,0.599404,LINC02370,0.828914,False,CRISP2,LINC02370,0.7186144,0.715644121170044
LOC101928658,0.5104647,IRF6,0.91525424,False,LOC101928658,IRF6,0.7211187,0.7156125903129578
SYT4,0.6414016,LOC107985513,0.79681087,False,SYT4,LOC107985513,0.7070326,0.7150816917419434
E2F8,0.5642881,AGTR2,0.8324947,False,E2F8,AGTR2,0.74816865,0.7149837613105774
CXCR2P1,0.6326867,CENPE,0.71477723,False,CXCR2P1,CENPE,0.7970589,0.7148408889770508
GMNC,0.55934215,IGFBPL1,0.81908315,False,GMNC,IGFBPL1,0.7645775,0.7143343091011047
ASIC2,0.57741094,LOC105371737,0.8335571,False,ASIC2,LOC105371737,0.7299487,0.713638961315155
DRD2,0.48333332,KIF14,0.9508197,False,DRD2,KIF14,0.7058824,0.7133451104164124
GLB1L3,0.56544614,SKA1,0.8689792,False,GLB1L3,SKA1,0.7050178,0.7131476998329163
PITX1,0.58232516,CDCA2,0.82726055,False,PITX1,CDCA2,0.7286167,0.7127341628074646
CCNB2,0.55,CDCA2,0.84938765,False,CCNB2,CDCA2,0.7382353,0.7125409245491028
GBP5,0.56067437,ICOS,0.8363636,False,GBP5,ICOS,0.7402504,0.7124294638633728
SPAG5,0.5,PRC1-AS1,0.93333334,False,SPAG5,PRC1-AS1,0.7029412,0.7120915055274963
ERCC6L,0.5833333,KNL1,0.8283228,False,ERCC6L,KNL1,0.7235294,0.7117285132408142
FAM111B,0.51666665,PRC1-AS1,0.877193,False,FAM111B,PRC1-AS1,0.7411765,0.711678683757782
PRC1-AS1,0.51666665,ESPL1,0.91525424,False,PRC1-AS1,ESPL1,0.7029412,0.7116206288337708
APOBEC3B-AS1,0.59414744,APOBEC3B,0.7837915,False,APOBEC3B-AS1,APOBEC3B,0.7564388,0.711459219455719
NCAPH,0.53333336,KNL1,0.877193,False,NCAPH,KNL1,0.7235294,0.7113518714904785
LOC101928202,0.51298916,KNL1,0.89289045,False,LOC101928202,KNL1,0.72594583,0.7106084823608398
KNL1,0.53333336,KIF14,0.877193,False,KNL1,KIF14,0.7205882,0.7103714942932129
RDM1,0.7037879,PIMREG,0.5571903,False,RDM1,PIMREG,0.86973745,0.710238516330719
NCAPG,0.5,CDCA2,0.88932383,False,NCAPG,CDCA2,0.7411765,0.7101667523384094
PIMREG,0.5,KNL1,0.91525424,False,PIMREG,KNL1,0.7147059,0.709986686706543
ESCO2,0.55,KNL1,0.8283228,False,ESCO2,KNL1,0.75,0.7094409465789795
COCH,0.58138776,CPLX3,0.8148148,False,COCH,CPLX3,0.7318719,0.7093581557273865
SIRPG,0.5726496,UBD,0.8028477,False,SIRPG,UBD,0.75147927,0.7089921832084656
SIRPG,0.5485672,TRAC,0.84938765,False,SIRPG,TRAC,0.7286167,0.7088572382926941
SALL4,0.5714286,LIPG,0.79588795,False,SALL4,LIPG,0.757732,0.7083494663238525
TROAP,0.51666665,KNL1,0.89285713,False,TROAP,KNL1,0.7147059,0.708076536655426
AIM2,0.56666666,OSM,0.821798,False,AIM2,OSM,0.7352941,0.7079195976257324
SMOC2,0.46666667,IRX3,0.9508197,False,SMOC2,IRX3,0.7029412,0.7068092226982117
FAM201A,0.71919495,LOC107985492,0.6706538,False,FAM201A,LOC107985492,0.73029673,0.7067151069641113
SCN7A,0.54718846,CPLX3,0.8363636,False,SCN7A,CPLX3,0.7363165,0.706622838973999
DUSP5P1,0.61470085,AGTR2,0.7102639,False,DUSP5P1,AGTR2,0.7942394,0.7064013481140137
SIRPG,0.5485672,CXCL10,0.8064724,False,SIRPG,CXCL10,0.76401514,0.7063515782356262
COCH,0.5,STEAP3,0.91525424,False,COCH,STEAP3,0.7029412,0.7060651779174805
LRRC55,0.57741094,RIBC2,0.8335571,False,LRRC55,RIBC2,0.7049303,0.705299437046051
H2AC13,0.77539,LINC02998,0.4718546,False,H2AC13,LINC02998,0.8658018,0.7043488025665283
CCNB2,0.5,MCM10,0.90827006,False,CCNB2,MCM10,0.7029412,0.7037370800971985
PRLHR,0.5744563,SOX11,0.7660907,False,PRLHR,SOX11,0.77023506,0.7035940289497375
E2F7,0.5,FAM72C,0.89285713,False,E2F7,FAM72C,0.7176471,0.7035014033317566
CDC20,0.53333336,CDCA2,0.84938765,False,CDC20,CDCA2,0.7264706,0.7030637860298157
KLK7,0.5272013,PRRG4,0.877193,False,KLK7,PRRG4,0.7034586,0.7026176452636719
LAMB3,0.51666665,MTTP,0.86970836,False,LAMB3,MTTP,0.7205882,0.7023210525512695
DACT2,0.54718846,CPLX3,0.8363636,False,DACT2,CPLX3,0.7229828,0.7021782994270325
GPR22,0.5104647,PCDH9,0.88932383,False,GPR22,PCDH9,0.7049303,0.7015729546546936
MELK,0.48333332,KNL1,0.91525424,False,MELK,KNL1,0.7058824,0.7014899849891663
CLSPN,0.53168815,TUBA3E,0.86212337,False,CLSPN,TUBA3E,0.7079677,0.7005930542945862
ALPK2,0.715996,TMEM52B,0.5721709,False,ALPK2,TMEM52B,0.81335014,0.7005057334899902
ASPM,0.51666665,CDCA2,0.84938765,False,ASPM,CDCA2,0.7352941,0.7004494667053223
TRAT1,0.5993861,CXCL9,0.7811511,False,TRAT1,CXCL9,0.7207815,0.7004396319389343
AQP7,0.54718846,CPLX3,0.8518519,False,AQP7,CPLX3,0.7022415,0.7004272937774658
ST6GALNAC5,0.5570485,LOC105377043,0.7901285,False,ST6GALNAC5,LOC105377043,0.7523226,0.6998332142829895
SGO1-AS1,0.7423523,ZWINT,0.4766589,False,SGO1-AS1,ZWINT,0.87965107,0.6995541453361511
PCDH9,0.5148092,LRRC15,0.8777288,False,PCDH9,LRRC15,0.7050178,0.699185311794281
LOC101928202,0.53231144,LOC105371737,0.83976096,False,LOC101928202,LOC105371737,0.723515,0.6985291838645935
SPINK1,0.61408824,KRT71,0.7505043,False,SPINK1,KRT71,0.7307981,0.6984636187553406
GMNC,0.56544614,MMP9,0.81908315,False,GMNC,MMP9,0.7050178,0.6965157389640808
FAM72B,0.55,FAM72A,0.79897463,False,FAM72B,FAM72A,0.7382353,0.6957366466522217
E2F8,0.5642881,CHST6,0.7613617,False,E2F8,CHST6,0.7615024,0.6957173347473145
RFX8,0.53333336,APOBEC3B,0.79897463,False,RFX8,APOBEC3B,0.7529412,0.6950830817222595
SIGLEC12,0.54718846,GATA5,0.8024018,False,SIGLEC12,GATA5,0.7303904,0.6933269500732422
KLK7,0.58232516,HLA-G,0.7570456,False,KLK7,HLA-G,0.7404162,0.6932623386383057
RXFP2,0.53781515,C15orf48,0.82726055,False,RXFP2,C15orf48,0.7135493,0.6928749680519104
CDKN2B-AS1,0.47699162,CDC45,0.877193,False,CDKN2B-AS1,CDC45,0.724062,0.6927488446235657
TACC3,0.48333332,CDCA2,0.88932383,False,TACC3,CDCA2,0.7029412,0.6918660998344421
ARHGAP11A,0.62667954,CYP2J2,0.71477723,False,ARHGAP11A,CYP2J2,0.7254539,0.6889702677726746
FAM72B,0.55,POLQ,0.7837915,False,FAM72B,POLQ,0.7323529,0.6887148022651672
NEIL3,0.56544614,ANLN,0.7924528,False,NEIL3,ANLN,0.7079677,0.688622236251831
S100A2,0.57800597,KRT71,0.76,False,S100A2,KRT71,0.7276652,0.6885570883750916
VEPH1,0.55,SLC12A8,0.77500504,False,VEPH1,SLC12A8,0.7382353,0.6877467632293701
CDC45,0.5413072,KRT71,0.7755102,False,CDC45,KRT71,0.7460871,0.6876347661018372
FAM72D,0.53333336,PCDH9,0.8132861,False,FAM72D,PCDH9,0.7147059,0.6871084570884705
MKX,0.5725479,CYP4F2,0.71477723,False,MKX,CYP4F2,0.77366906,0.6869980692863464
AQP9,0.5744563,VEGFD,0.7511004,False,AQP9,VEGFD,0.73441017,0.6866557002067566
NOS2P3,0.70373154,RIPPLY3,0.48894763,False,NOS2P3,RIPPLY3,0.86624914,0.6863093972206116
TFAP2A,0.55,KIF14,0.76023185,False,TFAP2A,KIF14,0.7441176,0.6847831606864929
FAM30C,0.70938045,ANKRD18A,0.58669037,False,FAM30C,ANKRD18A,0.75528324,0.6837846636772156
ALPK2,0.5503542,LRRC15,0.787642,False,ALPK2,LRRC15,0.7132926,0.6837629675865173
CDCA2,0.48333332,ASF1B,0.84938765,False,CDCA2,ASF1B,0.7117647,0.681495189666748
ADAMTS19,0.5642881,LOC102723834,0.7511004,False,ADAMTS19,LOC102723834,0.7229828,0.6794571280479431
KLHDC7B,0.53231144,CXCL9,0.7901285,False,KLHDC7B,CXCL9,0.7131367,0.6785255074501038
VSIG10L2,0.5413072,KRT71,0.7692308,False,VSIG10L2,KRT71,0.72152454,0.6773541569709778
STMN2,0.5470086,MIR147B,0.741149,False,STMN2,MIR147B,0.74260354,0.6769204139709473
CD80,0.53168815,TRAC,0.7837915,False,CD80,TRAC,0.7138674,0.6764490008354187
LOC107986990,0.56759536,CYP4F2,0.7538544,False,LOC107986990,CYP4F2,0.7065601,0.6760032773017883
SMOC2,0.5570485,SOX11,0.7660907,False,SMOC2,SOX11,0.7045561,0.6758983731269836
LOC100506071,0.5084928,TUBA3E,0.8119033,False,LOC100506071,TUBA3E,0.70701283,0.675803005695343
IGKJ5,0.59186405,DLX6,0.7085579,False,IGKJ5,DLX6,0.7232492,0.6745570302009583
KLK7,0.52223295,LINC02370,0.7884534,False,KLK7,LINC02370,0.7105269,0.6737377643585205
LMO1,0.5439378,IRX3,0.7648216,False,LMO1,IRX3,0.70640194,0.6717205047607422
LINC00221,0.48625898,PLP1,0.8186271,False,LINC00221,PLP1,0.70617294,0.6703529953956604
LOC107986990,0.5396407,SOX9,0.75670946,False,LOC107986990,SOX9,0.7135123,0.6699541211128235
ADAMTS19,0.50779635,GPR12,0.7964101,False,ADAMTS19,GPR12,0.7036418,0.6692827343940735
PRSS21,0.5492572,IGKJ5,0.7550439,False,PRSS21,IGKJ5,0.7014357,0.6685789227485657
FAM30C,0.75592893,LHX2,0.42200732,False,FAM30C,LHX2,0.8275442,0.6684935092926025
IRF6,0.52223295,LOC105377043,0.77500504,False,IRF6,LOC105377043,0.7075415,0.668259859085083
DLX5,0.56200314,LINC02998,0.72349167,False,DLX5,LINC02998,0.71898305,0.6681593060493469
SFRP1,0.56544614,MIR147B,0.70550925,False,SFRP1,MIR147B,0.7315666,0.6675073504447937
IRF6,0.48741743,HAPLN1,0.7964101,False,IRF6,HAPLN1,0.7164977,0.6667750477790833
LOC107985436,1.0,MKRN3,0.0,False,LOC107985436,MKRN3,1.0,0.6666666865348816
RAET1K,1.0,LOC105376041,0.0,False,RAET1K,LOC105376041,1.0,0.6666666865348816
ARHGEF16,0.56200314,HOXC11,0.70810384,False,ARHGEF16,HOXC11,0.71898305,0.6630300283432007
HS3ST3A1,0.5612486,GPR12,0.7244455,False,HS3ST3A1,GPR12,0.70062184,0.6621053218841553
SMOC2,0.56544614,MIR147B,0.70550925,False,SMOC2,MIR147B,0.7138674,0.661607563495636
DUSP5P1,0.5256138,VEGFD,0.7102639,False,DUSP5P1,VEGFD,0.7247812,0.6535530090332031
CXCR2P1,0.49588954,AK5,0.71477723,False,CXCR2P1,AK5,0.71261215,0.6410929560661316
IL36G,0.9310345,MT1H,0.0,False,IL36G,MT1H,0.9911111,0.6407151818275452
HOOK1,0.5104647,LOC107985017,0.7025656,False,HOOK1,LOC107985017,0.70198697,0.638339102268219
CD80,0.4641722,KCNN4,0.73574144,False,CD80,KCNN4,0.71091753,0.6369437575340271
LOC105369315,0.7020379,AKR1B10,0.24730712,False,LOC105369315,AKR1B10,0.8499779,0.5997743010520935
LINC01551,0.7163353,LOC107986606,0.35214913,False,LINC01551,LOC107986606,0.72380656,0.5974302887916565
LOC101927687,0.72728103,LINC00862,0.24435563,False,LOC101927687,LINC00862,0.81309116,0.5949092507362366
IGF2BP1,0.7427357,AKR1B10,0.11175052,False,IGF2BP1,AKR1B10,0.8870737,0.58051997423172
LOC105370953,0.83094895,MKRN3,0.0,False,LOC105370953,MKRN3,0.8438159,0.5582549571990967
RUNX2-AS1,0.70891756,LOC107984763,0.029164987,False,RUNX2-AS1,LOC107984763,0.8127352,0.5169392228126526
LINC02195,0.7163353,MKRN3,0.028294753,False,LINC02195,MKRN3,0.77256036,0.505730152130127
FOXD3-AS1,0.7163353,LINC02541,0.024778496,False,FOXD3-AS1,LINC02541,0.77256036,0.5045580267906189
LOC105370924,0.7139329,LHX2,0.0,False,LOC105370924,LHX2,0.75385875,0.4892638623714447
MT1H,0.71919495,LOC105376041,0.0,False,MT1H,LOC105376041,0.73029673,0.4831639230251312
LINC02257,0.71919495,LOC105376041,0.0,False,LINC02257,LOC105376041,0.73029673,0.4831639230251312
CDC20B,0.71919495,LINC02541,0.0,False,CDC20B,LINC02541,0.73029673,0.4831639230251312
FAM201A,0.71919495,ZIC2,0.0,False,FAM201A,ZIC2,0.73029673,0.4831639230251312
LUCAT1,0.71919495,LOC105376041,0.0,False,LUCAT1,LOC105376041,0.73029673,0.4831639230251312
MTNR1B,0.71919495,LINC02541,0.0,False,MTNR1B,LINC02541,0.73029673,0.4831639230251312
LOC101927687,0.7163353,ZIC2,0.0,False,LOC101927687,ZIC2,0.72380656,0.4800473153591156
KIF4B,1.0,IL37,,False,KIF4B,IL37,1.0,
GS1-24F4.2,0.7163353,IL36G,,False,GS1-24F4.2,IL36G,0.72380656,
